review,cleaned_review,sentiment
I love this app! It is so useful and easy to use.,i love this app it is so useful and easy to use,positive
Terrible experience. The app crashes all the time.,terrible experience the app crashes all the time,negative
Decent app but needs improvement in the UI.,decent app but needs improvement in the ui,positive
Fantastic! This app has changed my life.,fantastic this app has changed my life,positive
"The app is okay, but it lacks many features.",the app is okay but it lacks many features,positive
Worst app ever. It is full of bugs.,worst app ever it is full of bugs,negative
Excellent functionality and user-friendly design.,excellent functionality and userfriendly design,positive
"Not bad, but there are better alternatives out there.",not bad but there are better alternatives out there,positive
I'm very satisfied with this app. Highly recommended!,im very satisfied with this app highly recommended,positive
The app is slow and unresponsive at times.,the app is slow and unresponsive at times,negative
"Good app, but it could use some updates.",good app but it could use some updates,positive
I had a bad experience. The customer support is unhelpful.,i had a bad experience the customer support is unhelpful,negative
Amazing app! Very intuitive and efficient.,amazing app very intuitive and efficient,positive
It's an average app. Nothing special.,its an average app nothing special,positive
I've been using this app for months and I love it.,ive been using this app for months and i love it,positive
Disappointed. The app doesn't work as advertised.,disappointed the app doesnt work as advertised,negative
"Pretty good app, but there's room for improvement.",pretty good app but theres room for improvement,positive
I wouldn't recommend this app to anyone.,i wouldnt recommend this app to anyone,neutral
"The app is great, but it crashes occasionally.",the app is great but it crashes occasionally,positive
Very pleased with this app. It meets all my needs.,very pleased with this app it meets all my needs,positive
This app exceeded my expectations.,this app exceeded my expectations,neutral
The interface is cluttered and confusing.,the interface is cluttered and confusing,negative
"Great app, but a bit overpriced.",great app but a bit overpriced,positive
Very buggy. Needs a lot of improvements.,very buggy needs a lot of improvements,positive
The customer service was excellent.,the customer service was excellent,positive
I found this app to be very intuitive.,i found this app to be very intuitive,positive
Not worth the money. I want a refund.,not worth the money i want a refund,negative
The best app in its category!,the best app in its category,positive
The latest update broke many features.,the latest update broke many features,positive
Highly useful for my daily tasks.,highly useful for my daily tasks,positive
I encountered frequent crashes.,i encountered frequent crashes,positive
Very satisfied with the performance.,very satisfied with the performance,positive
The design is sleek and modern.,the design is sleek and modern,positive
The app is not compatible with my device.,the app is not compatible with my device,neutral
I love the new features in the latest update.,i love the new features in the latest update,positive
The app drains my battery quickly.,the app drains my battery quickly,positive
User-friendly and efficient.,userfriendly and efficient,neutral
Too many ads make it unusable.,too many ads make it unusable,positive
Reliable and performs well.,reliable and performs well,neutral
The app is okay but needs more features.,the app is okay but needs more features,positive
"Itâ€™s good, but I had higher expectations.",its good but i had higher expectations,positive
Iâ€™ve had a smooth experience so far.,ive had a smooth experience so far,positive
Not intuitive at all. Very complicated.,not intuitive at all very complicated,negative
One of the best apps Iâ€™ve used.,one of the best apps ive used,positive
The app often freezes and crashes.,the app often freezes and crashes,neutral
Helpful customer support.,helpful customer support,neutral
The app doesnâ€™t have enough tutorials.,the app doesnt have enough tutorials,neutral
Fantastic performance and reliability.,fantastic performance and reliability,positive
I wouldnâ€™t use any other app.,i wouldnt use any other app,negative
The app could use a dark mode.,the app could use a dark mode,negative
